{"Training Loss": 1.064378261566162, "_timestamp": 1681668573.9345298, "_runtime": 1676.0685126781464, "_step": 29999, "Validation Loss": 4.08710241317749, "_wandb": {"runtime": 1675}}